{"mean_score": -0.47563382644818497, "std_score": 0.0661193786394024, "min_score": -0.710097726524557, "max_score": -0.3812637053884903, "anomaly_count": 360, "normal_count": 840}